laboratory,dates,orders
Laboratory 1,2020-01-01,"1,453"
Laboratory 1,2020-01-02,"1,692"
Laboratory 1,2020-01-03,"1,904"
Laboratory 1,2020-01-04,"1,645"
Laboratory 1,2020-01-05,"1,725"
Laboratory 1,2020-01-06,"2,040"
Laboratory 1,2020-01-07,"2,147"
Laboratory 1,2020-01-08,"2,238"
Laboratory 1,2020-01-09,"1,793"
Laboratory 1,2020-01-10,"1,803"
Laboratory 1,2020-01-11,"1,669"
Laboratory 1,2020-01-12,"1,629"
Laboratory 1,2020-01-13,"1,973"
Laboratory 1,2020-01-14,"2,018"
Laboratory 1,2020-01-15,"1,967"
Laboratory 1,2020-01-16,"1,694"
Laboratory 1,2020-01-17,"1,857"
Laboratory 1,2020-01-18,"1,307"
Laboratory 1,2020-01-19,"1,534"
Laboratory 1,2020-01-20,"1,474"
Laboratory 1,2020-01-21,"1,692"
Laboratory 1,2020-01-22,"1,996"
Laboratory 1,2020-01-23,"2,057"
Laboratory 1,2020-01-24,"1,828"
Laboratory 1,2020-01-25,"1,526"
Laboratory 1,2020-01-26,"1,779"
Laboratory 1,2020-01-27,"2,205"
Laboratory 1,2020-01-28,"2,039"
Laboratory 1,2020-01-29,"2,118"
Laboratory 1,2020-01-30,"1,945"
Laboratory 1,2020-01-31,"2,007"
Laboratory 1,2020-02-01,"1,927"
Laboratory 1,2020-02-02,"1,750"
Laboratory 1,2020-02-03,"2,051"
Laboratory 1,2020-02-04,"1,893"
Laboratory 1,2020-02-05,"1,870"
Laboratory 1,2020-02-06,"1,937"
Laboratory 1,2020-02-07,"2,025"
Laboratory 1,2020-02-08,"1,717"
Laboratory 1,2020-02-09,"1,662"
Laboratory 1,2020-02-10,"2,005"
Laboratory 1,2020-02-11,"2,163"
Laboratory 1,2020-02-12,"2,037"
Laboratory 1,2020-02-13,"1,906"
Laboratory 1,2020-02-14,"1,666"
Laboratory 1,2020-02-15,"1,396"
Laboratory 1,2020-02-16,"1,542"
Laboratory 1,2020-02-17,"1,726"
Laboratory 1,2020-02-18,"1,974"
Laboratory 1,2020-02-19,"2,061"
Laboratory 1,2020-02-20,"1,966"
Laboratory 1,2020-02-21,"1,931"
Laboratory 1,2020-02-22,"1,544"
Laboratory 1,2020-02-23,"1,389"
Laboratory 1,2020-02-24,"1,996"
Laboratory 1,2020-02-25,"2,170"
Laboratory 1,2020-02-26,"1,903"
Laboratory 1,2020-02-27,"1,905"
Laboratory 1,2020-02-28,"1,985"
Laboratory 1,2020-02-29,"1,524"
Laboratory 1,2020-03-01,"1,395"
Laboratory 1,2020-03-02,"2,006"
Laboratory 1,2020-03-03,"2,003"
Laboratory 1,2020-03-04,"1,967"
Laboratory 1,2020-03-05,"1,957"
Laboratory 1,2020-03-06,"1,860"
Laboratory 1,2020-03-07,"1,669"
Laboratory 1,2020-03-08,"1,480"
Laboratory 1,2020-03-09,"2,106"
Laboratory 1,2020-03-10,"2,073"
Laboratory 1,2020-03-11,"2,041"
Laboratory 1,2020-03-12,"1,853"
Laboratory 1,2020-03-13,"1,762"
Laboratory 1,2020-03-14,"1,575"
Laboratory 1,2020-03-15,"1,361"
Laboratory 1,2020-03-16,"1,772"
Laboratory 1,2020-03-17,"1,717"
Laboratory 1,2020-03-18,"1,895"
Laboratory 1,2020-03-19,"1,933"
Laboratory 1,2020-03-20,"2,192"
Laboratory 1,2020-03-21,"1,584"
Laboratory 1,2020-03-22,"1,670"
Laboratory 1,2020-03-23,"2,124"
Laboratory 1,2020-03-24,"2,323"
Laboratory 1,2020-03-25,"2,535"
Laboratory 1,2020-03-26,"2,712"
Laboratory 1,2020-03-27,"2,573"
Laboratory 1,2020-03-28,"2,550"
Laboratory 1,2020-03-29,"2,052"
Laboratory 1,2020-03-30,"2,539"
Laboratory 1,2020-03-31,"2,832"
Laboratory 1,2020-04-01,"3,171"
Laboratory 1,2020-04-02,"3,157"
Laboratory 1,2020-04-03,"3,526"
Laboratory 1,2020-04-04,"2,702"
Laboratory 1,2020-04-05,"2,679"
Laboratory 1,2020-04-06,"3,054"
Laboratory 1,2020-04-07,"3,214"
Laboratory 1,2020-04-08,"3,382"
Laboratory 1,2020-04-09,"3,337"
Laboratory 1,2020-04-10,"3,002"
Laboratory 1,2020-04-11,"2,586"
Laboratory 1,2020-04-12,"2,564"
Laboratory 1,2020-04-13,"2,717"
Laboratory 1,2020-04-14,"2,693"
Laboratory 1,2020-04-15,"2,518"
Laboratory 1,2020-04-16,"2,500"
Laboratory 1,2020-04-17,"2,511"
Laboratory 1,2020-04-18,"2,549"
Laboratory 1,2020-04-19,"2,446"
Laboratory 1,2020-04-20,"2,242"
Laboratory 1,2020-04-21,"2,128"
Laboratory 1,2020-04-22,"2,256"
Laboratory 1,2020-04-23,"2,149"
Laboratory 1,2020-04-24,"2,214"
Laboratory 1,2020-04-25,"1,933"
Laboratory 1,2020-04-26,"1,967"
Laboratory 1,2020-04-27,"2,079"
Laboratory 1,2020-04-28,"1,903"
Laboratory 1,2020-04-29,"1,920"
Laboratory 1,2020-04-30,"1,815"
Laboratory 1,2020-05-01,"1,883"
Laboratory 1,2020-05-02,"2,011"
Laboratory 1,2020-05-03,"1,826"
Laboratory 1,2020-05-04,"2,053"
Laboratory 1,2020-05-05,"1,913"
Laboratory 1,2020-05-06,"1,541"
Laboratory 1,2020-05-07,"1,505"
Laboratory 1,2020-05-08,"1,566"
Laboratory 1,2020-05-09,"1,526"
Laboratory 1,2020-05-10,"1,562"
Laboratory 1,2020-05-11,"1,887"
Laboratory 1,2020-05-12,"2,030"
Laboratory 1,2020-05-13,"1,517"
Laboratory 1,2020-05-14,"1,675"
Laboratory 1,2020-05-15,"1,640"
Laboratory 1,2020-05-16,"1,530"
Laboratory 1,2020-05-17,"1,461"
Laboratory 1,2020-05-18,"1,929"
Laboratory 1,2020-05-19,"1,703"
Laboratory 1,2020-05-20,"1,549"
Laboratory 1,2020-05-21,"1,284"
Laboratory 1,2020-05-22,"1,468"
Laboratory 1,2020-05-23,"1,381"
Laboratory 1,2020-05-24,"1,061"
Laboratory 1,2020-05-25,"1,281"
Laboratory 1,2020-05-26,"1,597"
Laboratory 1,2020-05-27,"1,451"
Laboratory 1,2020-05-28,"1,583"
Laboratory 1,2020-05-29,"1,485"
Laboratory 1,2020-05-30,"1,189"
Laboratory 1,2020-05-31,"1,400"
Laboratory 1,2020-06-01,"1,694"
Laboratory 1,2020-06-02,"1,487"
Laboratory 1,2020-06-03,"1,543"
Laboratory 1,2020-06-04,"1,614"
Laboratory 1,2020-06-05,"1,845"
Laboratory 1,2020-06-06,"1,430"
Laboratory 1,2020-06-07,"1,233"
Laboratory 1,2020-06-08,"1,796"
Laboratory 1,2020-06-09,"1,709"
Laboratory 1,2020-06-10,"1,565"
Laboratory 1,2020-06-11,"1,445"
Laboratory 1,2020-06-12,"1,658"
Laboratory 1,2020-06-13,"1,436"
Laboratory 1,2020-06-14,"1,187"
Laboratory 1,2020-06-15,"1,731"
Laboratory 1,2020-06-16,"1,566"
Laboratory 1,2020-06-17,"1,526"
Laboratory 1,2020-06-18,"1,846"
Laboratory 1,2020-06-19,"1,655"
Laboratory 1,2020-06-20,"1,286"
Laboratory 1,2020-06-21,"1,285"
Laboratory 1,2020-06-22,"1,659"
Laboratory 1,2020-06-23,"1,962"
Laboratory 1,2020-06-24,"1,799"
Laboratory 1,2020-06-25,"1,566"
Laboratory 1,2020-06-26,"1,612"
Laboratory 1,2020-06-27,"1,549"
Laboratory 1,2020-06-28,"1,105"
Laboratory 1,2020-06-29,"1,590"
Laboratory 1,2020-06-30,"1,663"
Laboratory 1,2020-07-01,"1,471"
Laboratory 1,2020-07-02,"1,477"
Laboratory 1,2020-07-03,"1,262"
Laboratory 1,2020-07-04,"1,462"
Laboratory 1,2020-07-05,"1,355"
Laboratory 1,2020-07-06,"1,883"
Laboratory 1,2020-07-07,"2,182"
Laboratory 1,2020-07-08,"2,073"
Laboratory 1,2020-07-09,"2,097"
Laboratory 1,2020-07-10,"1,741"
Laboratory 1,2020-07-11,"1,388"
Laboratory 1,2020-07-12,"1,542"
Laboratory 1,2020-07-13,"1,965"
Laboratory 1,2020-07-14,"1,821"
Laboratory 1,2020-07-15,"1,817"
Laboratory 1,2020-07-16,"1,729"
Laboratory 1,2020-07-17,"1,885"
Laboratory 1,2020-07-18,"1,456"
Laboratory 1,2020-07-19,"1,420"
Laboratory 1,2020-07-20,"1,720"
Laboratory 1,2020-07-21,"1,767"
Laboratory 1,2020-07-22,"2,082"
Laboratory 1,2020-07-23,"2,106"
Laboratory 1,2020-07-24,"1,907"
Laboratory 1,2020-07-25,"1,501"
Laboratory 1,2020-07-26,"1,506"
Laboratory 1,2020-07-27,"1,909"
Laboratory 1,2020-07-28,"2,157"
Laboratory 1,2020-07-29,"1,889"
Laboratory 1,2020-07-30,"2,018"
Laboratory 1,2020-07-31,"1,971"
Laboratory 1,2020-08-01,"1,716"
Laboratory 1,2020-08-02,"1,527"
Laboratory 1,2020-08-03,"2,058"
Laboratory 1,2020-08-04,"1,506"
Laboratory 1,2020-08-05,"1,681"
Laboratory 1,2020-08-06,"1,773"
Laboratory 1,2020-08-07,"1,940"
Laboratory 1,2020-08-08,"1,544"
Laboratory 1,2020-08-09,"1,873"
Laboratory 1,2020-08-10,"2,081"
Laboratory 1,2020-08-11,"2,196"
Laboratory 1,2020-08-12,"2,097"
Laboratory 1,2020-08-13,"1,926"
Laboratory 1,2020-08-14,"1,597"
Laboratory 1,2020-08-15,"1,393"
Laboratory 1,2020-08-16,"1,341"
Laboratory 1,2020-08-17,"1,974"
Laboratory 1,2020-08-18,"1,939"
Laboratory 1,2020-08-19,"1,734"
Laboratory 1,2020-08-20,"2,050"
Laboratory 1,2020-08-21,"1,708"
Laboratory 1,2020-08-22,"1,518"
Laboratory 1,2020-08-23,"1,440"
Laboratory 1,2020-08-24,"2,049"
Laboratory 1,2020-08-25,"2,113"
Laboratory 1,2020-08-26,"2,025"
Laboratory 1,2020-08-27,"1,703"
Laboratory 1,2020-08-28,"1,808"
Laboratory 1,2020-08-29,"1,491"
Laboratory 1,2020-08-30,"1,234"
Laboratory 1,2020-08-31,"2,066"
Laboratory 1,2020-09-01,"1,868"
Laboratory 1,2020-09-02,"1,914"
Laboratory 1,2020-09-03,"1,698"
Laboratory 1,2020-09-04,"1,651"
Laboratory 1,2020-09-05,"1,616"
Laboratory 1,2020-09-06,"1,222"
Laboratory 1,2020-09-07,"1,474"
Laboratory 1,2020-09-08,"2,066"
Laboratory 1,2020-09-09,"2,006"
Laboratory 1,2020-09-10,"2,034"
Laboratory 1,2020-09-11,"1,856"
Laboratory 1,2020-09-12,"1,535"
Laboratory 1,2020-09-13,"1,521"
Laboratory 1,2020-09-14,"2,047"
Laboratory 1,2020-09-15,"1,803"
Laboratory 1,2020-09-16,"1,849"
Laboratory 1,2020-09-17,"1,887"
Laboratory 1,2020-09-18,"1,708"
Laboratory 1,2020-09-19,"1,472"
Laboratory 1,2020-09-20,"1,607"
Laboratory 1,2020-09-21,"2,043"
Laboratory 1,2020-09-22,"2,102"
Laboratory 1,2020-09-23,"1,834"
Laboratory 1,2020-09-24,"1,931"
Laboratory 1,2020-09-25,"2,130"
Laboratory 1,2020-09-26,"1,646"
Laboratory 1,2020-09-27,"1,736"
Laboratory 1,2020-09-28,"2,048"
Laboratory 1,2020-09-29,"2,191"
Laboratory 1,2020-09-30,"1,932"
Laboratory 2,2020-01-01,"13,146"
Laboratory 2,2020-01-02,"29,908"
Laboratory 2,2020-01-03,"30,082"
Laboratory 2,2020-01-04,"14,923"
Laboratory 2,2020-01-05,"13,265"
Laboratory 2,2020-01-06,"32,859"
Laboratory 2,2020-01-07,"35,079"
Laboratory 2,2020-01-08,"33,108"
Laboratory 2,2020-01-09,"31,795"
Laboratory 2,2020-01-10,"29,487"
Laboratory 2,2020-01-11,"15,281"
Laboratory 2,2020-01-12,"14,135"
Laboratory 2,2020-01-13,"32,944"
Laboratory 2,2020-01-14,"33,870"
Laboratory 2,2020-01-15,"33,421"
Laboratory 2,2020-01-16,"31,811"
Laboratory 2,2020-01-17,"29,225"
Laboratory 2,2020-01-18,"15,941"
Laboratory 2,2020-01-19,"14,584"
Laboratory 2,2020-01-20,"15,007"
Laboratory 2,2020-01-21,"32,428"
Laboratory 2,2020-01-22,"33,936"
Laboratory 2,2020-01-23,"31,017"
Laboratory 2,2020-01-24,"29,447"
Laboratory 2,2020-01-25,"15,752"
Laboratory 2,2020-01-26,"13,961"
Laboratory 2,2020-01-27,"31,521"
Laboratory 2,2020-01-28,"32,228"
Laboratory 2,2020-01-29,"32,260"
Laboratory 2,2020-01-30,"30,395"
Laboratory 2,2020-01-31,"28,284"
Laboratory 2,2020-02-01,"16,685"
Laboratory 2,2020-02-02,"15,527"
Laboratory 2,2020-02-03,"27,734"
Laboratory 2,2020-02-04,"30,646"
Laboratory 2,2020-02-05,"32,289"
Laboratory 2,2020-02-06,"30,781"
Laboratory 2,2020-02-07,"27,949"
Laboratory 2,2020-02-08,"15,338"
Laboratory 2,2020-02-09,"14,408"
Laboratory 2,2020-02-10,"30,699"
Laboratory 2,2020-02-11,"32,082"
Laboratory 2,2020-02-12,"30,762"
Laboratory 2,2020-02-13,"30,438"
Laboratory 2,2020-02-14,"26,365"
Laboratory 2,2020-02-15,"14,950"
Laboratory 2,2020-02-16,"14,871"
Laboratory 2,2020-02-17,"14,546"
Laboratory 2,2020-02-18,"32,498"
Laboratory 2,2020-02-19,"32,664"
Laboratory 2,2020-02-20,"31,637"
Laboratory 2,2020-02-21,"28,812"
Laboratory 2,2020-02-22,"15,708"
Laboratory 2,2020-02-23,"15,415"
Laboratory 2,2020-02-24,"33,349"
Laboratory 2,2020-02-25,"32,732"
Laboratory 2,2020-02-26,"31,550"
Laboratory 2,2020-02-27,"32,152"
Laboratory 2,2020-02-28,"28,789"
Laboratory 2,2020-02-29,"16,067"
Laboratory 2,2020-03-01,"15,083"
Laboratory 2,2020-03-02,"30,758"
Laboratory 2,2020-03-03,"31,722"
Laboratory 2,2020-03-04,"32,520"
Laboratory 2,2020-03-05,"30,970"
Laboratory 2,2020-03-06,"27,676"
Laboratory 2,2020-03-07,"14,714"
Laboratory 2,2020-03-08,"14,588"
Laboratory 2,2020-03-09,"30,344"
Laboratory 2,2020-03-10,"31,306"
Laboratory 2,2020-03-11,"30,608"
Laboratory 2,2020-03-12,"28,602"
Laboratory 2,2020-03-13,"23,744"
Laboratory 2,2020-03-14,"14,255"
Laboratory 2,2020-03-15,"13,118"
Laboratory 2,2020-03-16,"23,148"
Laboratory 2,2020-03-17,"21,434"
Laboratory 2,2020-03-18,"20,479"
Laboratory 2,2020-03-19,"18,651"
Laboratory 2,2020-03-20,"18,555"
Laboratory 2,2020-03-21,"13,372"
Laboratory 2,2020-03-22,"13,965"
Laboratory 2,2020-03-23,"18,958"
Laboratory 2,2020-03-24,"17,936"
Laboratory 2,2020-03-25,"19,719"
Laboratory 2,2020-03-26,"19,446"
Laboratory 2,2020-03-27,"19,624"
Laboratory 2,2020-03-28,"16,632"
Laboratory 2,2020-03-29,"17,646"
Laboratory 2,2020-03-30,"20,753"
Laboratory 2,2020-03-31,"21,060"
Laboratory 2,2020-04-01,"22,238"
Laboratory 2,2020-04-02,"22,629"
Laboratory 2,2020-04-03,"23,277"
Laboratory 2,2020-04-04,"20,515"
Laboratory 2,2020-04-05,"19,863"
Laboratory 2,2020-04-06,"26,024"
Laboratory 2,2020-04-07,"27,062"
Laboratory 2,2020-04-08,"27,227"
Laboratory 2,2020-04-09,"27,003"
Laboratory 2,2020-04-10,"25,017"
Laboratory 2,2020-04-11,"21,716"
Laboratory 2,2020-04-12,"22,876"
Laboratory 2,2020-04-13,"27,021"
Laboratory 2,2020-04-14,"27,300"
Laboratory 2,2020-04-15,"26,571"
Laboratory 2,2020-04-16,"26,109"
Laboratory 2,2020-04-17,"23,955"
Laboratory 2,2020-04-18,"21,403"
Laboratory 2,2020-04-19,"20,531"
Laboratory 2,2020-04-20,"26,378"
Laboratory 2,2020-04-21,"24,733"
Laboratory 2,2020-04-22,"25,597"
Laboratory 2,2020-04-23,"24,706"
Laboratory 2,2020-04-24,"24,341"
Laboratory 2,2020-04-25,"19,169"
Laboratory 2,2020-04-26,"19,949"
Laboratory 2,2020-04-27,"24,319"
Laboratory 2,2020-04-28,"24,485"
Laboratory 2,2020-04-29,"24,239"
Laboratory 2,2020-04-30,"24,223"
Laboratory 2,2020-05-01,"22,697"
Laboratory 2,2020-05-02,"18,080"
Laboratory 2,2020-05-03,"17,402"
Laboratory 2,2020-05-04,"23,955"
Laboratory 2,2020-05-05,"21,833"
Laboratory 2,2020-05-06,"22,356"
Laboratory 2,2020-05-07,"22,377"
Laboratory 2,2020-05-08,"21,247"
Laboratory 2,2020-05-09,"15,743"
Laboratory 2,2020-05-10,"15,525"
Laboratory 2,2020-05-11,"21,656"
Laboratory 2,2020-05-12,"21,830"
Laboratory 2,2020-05-13,"21,561"
Laboratory 2,2020-05-14,"21,564"
Laboratory 2,2020-05-15,"21,126"
Laboratory 2,2020-05-16,"14,649"
Laboratory 2,2020-05-17,"14,920"
Laboratory 2,2020-05-18,"23,519"
Laboratory 2,2020-05-19,"22,224"
Laboratory 2,2020-05-20,"23,563"
Laboratory 2,2020-05-21,"21,384"
Laboratory 2,2020-05-22,"21,911"
Laboratory 2,2020-05-23,"14,607"
Laboratory 2,2020-05-24,"13,845"
Laboratory 2,2020-05-25,"14,186"
Laboratory 2,2020-05-26,"24,257"
Laboratory 2,2020-05-27,"24,804"
Laboratory 2,2020-05-28,"23,305"
Laboratory 2,2020-05-29,"22,224"
Laboratory 2,2020-05-30,"14,244"
Laboratory 2,2020-05-31,"13,533"
Laboratory 2,2020-06-01,"24,565"
Laboratory 2,2020-06-02,"23,765"
Laboratory 2,2020-06-03,"25,987"
Laboratory 2,2020-06-04,"24,272"
Laboratory 2,2020-06-05,"23,277"
Laboratory 2,2020-06-06,"14,353"
Laboratory 2,2020-06-07,"14,296"
Laboratory 2,2020-06-08,"25,047"
Laboratory 2,2020-06-09,"26,216"
Laboratory 2,2020-06-10,"25,968"
Laboratory 2,2020-06-11,"25,155"
Laboratory 2,2020-06-12,"23,006"
Laboratory 2,2020-06-13,"14,511"
Laboratory 2,2020-06-14,"13,283"
Laboratory 2,2020-06-15,"25,166"
Laboratory 2,2020-06-16,"25,111"
Laboratory 2,2020-06-17,"25,823"
Laboratory 2,2020-06-18,"25,524"
Laboratory 2,2020-06-19,"22,844"
Laboratory 2,2020-06-20,"13,760"
Laboratory 2,2020-06-21,"13,046"
Laboratory 2,2020-06-22,"25,567"
Laboratory 2,2020-06-23,"26,799"
Laboratory 2,2020-06-24,"26,150"
Laboratory 2,2020-06-25,"25,666"
Laboratory 2,2020-06-26,"23,190"
Laboratory 2,2020-06-27,"14,425"
Laboratory 2,2020-06-28,"14,088"
Laboratory 2,2020-06-29,"26,353"
Laboratory 2,2020-06-30,"28,170"
Laboratory 2,2020-07-01,"27,201"
Laboratory 2,2020-07-02,"25,848"
Laboratory 2,2020-07-03,"14,737"
Laboratory 2,2020-07-04,"12,549"
Laboratory 2,2020-07-05,"12,443"
Laboratory 2,2020-07-06,"27,239"
Laboratory 2,2020-07-07,"27,206"
Laboratory 2,2020-07-08,"28,060"
Laboratory 2,2020-07-09,"26,320"
Laboratory 2,2020-07-10,"23,997"
Laboratory 2,2020-07-11,"14,757"
Laboratory 2,2020-07-12,"13,782"
Laboratory 2,2020-07-13,"28,277"
Laboratory 2,2020-07-14,"27,979"
Laboratory 2,2020-07-15,"29,805"
Laboratory 2,2020-07-16,"27,793"
Laboratory 2,2020-07-17,"25,883"
Laboratory 2,2020-07-18,"14,842"
Laboratory 2,2020-07-19,"13,530"
Laboratory 2,2020-07-20,"28,045"
Laboratory 2,2020-07-21,"28,514"
Laboratory 2,2020-07-22,"29,586"
Laboratory 2,2020-07-23,"27,968"
Laboratory 2,2020-07-24,"26,220"
Laboratory 2,2020-07-25,"14,387"
Laboratory 2,2020-07-26,"13,307"
Laboratory 2,2020-07-27,"30,011"
Laboratory 2,2020-07-28,"28,694"
Laboratory 2,2020-07-29,"29,790"
Laboratory 2,2020-07-30,"28,599"
Laboratory 2,2020-07-31,"25,242"
Laboratory 2,2020-08-01,"14,841"
Laboratory 2,2020-08-02,"14,792"
Laboratory 2,2020-08-03,"29,378"
Laboratory 2,2020-08-04,"26,712"
Laboratory 2,2020-08-05,"28,908"
Laboratory 2,2020-08-06,"29,479"
Laboratory 2,2020-08-07,"27,070"
Laboratory 2,2020-08-08,"15,987"
Laboratory 2,2020-08-09,"14,626"
Laboratory 2,2020-08-10,"31,417"
Laboratory 2,2020-08-11,"29,921"
Laboratory 2,2020-08-12,"31,359"
Laboratory 2,2020-08-13,"29,448"
Laboratory 2,2020-08-14,"26,589"
Laboratory 2,2020-08-15,"15,152"
Laboratory 2,2020-08-16,"14,354"
Laboratory 2,2020-08-17,"30,100"
Laboratory 2,2020-08-18,"29,658"
Laboratory 2,2020-08-19,"31,048"
Laboratory 2,2020-08-20,"30,089"
Laboratory 2,2020-08-21,"27,039"
Laboratory 2,2020-08-22,"15,689"
Laboratory 2,2020-08-23,"13,655"
Laboratory 2,2020-08-24,"30,598"
Laboratory 2,2020-08-25,"28,721"
Laboratory 2,2020-08-26,"29,759"
Laboratory 2,2020-08-27,"28,944"
Laboratory 2,2020-08-28,"26,691"
Laboratory 2,2020-08-29,"15,362"
Laboratory 2,2020-08-30,"14,033"
Laboratory 2,2020-08-31,"29,807"
Laboratory 2,2020-09-01,"29,751"
Laboratory 2,2020-09-02,"31,074"
Laboratory 2,2020-09-03,"29,898"
Laboratory 2,2020-09-04,"28,126"
Laboratory 2,2020-09-05,"16,440"
Laboratory 2,2020-09-06,"14,549"
Laboratory 2,2020-09-07,"14,475"
Laboratory 2,2020-09-08,"31,679"
Laboratory 2,2020-09-09,"31,514"
Laboratory 2,2020-09-10,"30,798"
Laboratory 2,2020-09-11,"28,405"
Laboratory 2,2020-09-12,"16,307"
Laboratory 2,2020-09-13,"14,734"
Laboratory 2,2020-09-14,"32,438"
Laboratory 2,2020-09-15,"31,074"
Laboratory 2,2020-09-16,"31,948"
Laboratory 2,2020-09-17,"30,656"
Laboratory 2,2020-09-18,"27,075"
Laboratory 2,2020-09-19,"14,839"
Laboratory 2,2020-09-20,"13,931"
Laboratory 2,2020-09-21,"30,246"
Laboratory 2,2020-09-22,"29,341"
Laboratory 2,2020-09-23,"31,231"
Laboratory 2,2020-09-24,"30,077"
Laboratory 2,2020-09-25,"27,265"
Laboratory 2,2020-09-26,"15,132"
Laboratory 2,2020-09-27,"13,896"
Laboratory 2,2020-09-28,"28,813"
Laboratory 2,2020-09-29,"30,521"
Laboratory 2,2020-09-30,"31,690"
Laboratory 3,2020-01-01,"1,238"
Laboratory 3,2020-01-02,"1,689"
Laboratory 3,2020-01-03,"1,854"
Laboratory 3,2020-01-04,"1,469"
Laboratory 3,2020-01-05,"1,359"
Laboratory 3,2020-01-06,"2,078"
Laboratory 3,2020-01-07,"2,305"
Laboratory 3,2020-01-08,"2,214"
Laboratory 3,2020-01-09,"1,936"
Laboratory 3,2020-01-10,"1,854"
Laboratory 3,2020-01-11,"1,524"
Laboratory 3,2020-01-12,"1,423"
Laboratory 3,2020-01-13,"2,120"
Laboratory 3,2020-01-14,"1,945"
Laboratory 3,2020-01-15,"2,142"
Laboratory 3,2020-01-16,"1,705"
Laboratory 3,2020-01-17,"1,879"
Laboratory 3,2020-01-18,"1,611"
Laboratory 3,2020-01-19,"1,550"
Laboratory 3,2020-01-20,"1,614"
Laboratory 3,2020-01-21,"1,731"
Laboratory 3,2020-01-22,"1,679"
Laboratory 3,2020-01-23,"1,961"
Laboratory 3,2020-01-24,"1,975"
Laboratory 3,2020-01-25,"1,467"
Laboratory 3,2020-01-26,"1,508"
Laboratory 3,2020-01-27,"1,831"
Laboratory 3,2020-01-28,"2,005"
Laboratory 3,2020-01-29,"1,910"
Laboratory 3,2020-01-30,"1,572"
Laboratory 3,2020-01-31,"1,431"
Laboratory 3,2020-02-01,"1,448"
Laboratory 3,2020-02-02,"1,553"
Laboratory 3,2020-02-03,"1,957"
Laboratory 3,2020-02-04,"1,895"
Laboratory 3,2020-02-05,"1,981"
Laboratory 3,2020-02-06,"1,998"
Laboratory 3,2020-02-07,"1,964"
Laboratory 3,2020-02-08,"1,602"
Laboratory 3,2020-02-09,"1,307"
Laboratory 3,2020-02-10,"2,098"
Laboratory 3,2020-02-11,"1,974"
Laboratory 3,2020-02-12,"1,748"
Laboratory 3,2020-02-13,"1,919"
Laboratory 3,2020-02-14,"1,771"
Laboratory 3,2020-02-15,"1,349"
Laboratory 3,2020-02-16,"1,530"
Laboratory 3,2020-02-17,"1,369"
Laboratory 3,2020-02-18,"1,979"
Laboratory 3,2020-02-19,"1,784"
Laboratory 3,2020-02-20,"1,535"
Laboratory 3,2020-02-21,"1,422"
Laboratory 3,2020-02-22,"1,328"
Laboratory 3,2020-02-23,"1,315"
Laboratory 3,2020-02-24,"1,839"
Laboratory 3,2020-02-25,"1,971"
Laboratory 3,2020-02-26,"1,727"
Laboratory 3,2020-02-27,"1,680"
Laboratory 3,2020-02-28,"1,797"
Laboratory 3,2020-02-29,"1,414"
Laboratory 3,2020-03-01,"1,485"
Laboratory 3,2020-03-02,"1,670"
Laboratory 3,2020-03-03,"1,836"
Laboratory 3,2020-03-04,"1,726"
Laboratory 3,2020-03-05,"1,655"
Laboratory 3,2020-03-06,"1,749"
Laboratory 3,2020-03-07,"1,284"
Laboratory 3,2020-03-08,"1,067"
Laboratory 3,2020-03-09,"1,708"
Laboratory 3,2020-03-10,"1,979"
Laboratory 3,2020-03-11,"1,924"
Laboratory 3,2020-03-12,"1,618"
Laboratory 3,2020-03-13,"1,566"
Laboratory 3,2020-03-14,"1,198"
Laboratory 3,2020-03-15,"1,209"
Laboratory 3,2020-03-16,"1,342"
Laboratory 3,2020-03-17,"1,505"
Laboratory 3,2020-03-18,"1,531"
Laboratory 3,2020-03-19,"1,465"
Laboratory 3,2020-03-20,"1,642"
Laboratory 3,2020-03-21,"1,348"
Laboratory 3,2020-03-22,"1,315"
Laboratory 3,2020-03-23,"1,887"
Laboratory 3,2020-03-24,"1,721"
Laboratory 3,2020-03-25,"1,960"
Laboratory 3,2020-03-26,"1,796"
Laboratory 3,2020-03-27,"1,549"
Laboratory 3,2020-03-28,"1,526"
Laboratory 3,2020-03-29,"1,597"
Laboratory 3,2020-03-30,"1,958"
Laboratory 3,2020-03-31,"1,915"
Laboratory 3,2020-04-01,"1,878"
Laboratory 3,2020-04-02,"1,915"
Laboratory 3,2020-04-03,"2,109"
Laboratory 3,2020-04-04,"1,605"
Laboratory 3,2020-04-05,"1,670"
Laboratory 3,2020-04-06,"2,206"
Laboratory 3,2020-04-07,"2,433"
Laboratory 3,2020-04-08,"2,158"
Laboratory 3,2020-04-09,"1,951"
Laboratory 3,2020-04-10,"1,916"
Laboratory 3,2020-04-11,"1,956"
Laboratory 3,2020-04-12,"1,925"
Laboratory 3,2020-04-13,"2,118"
Laboratory 3,2020-04-14,"1,635"
Laboratory 3,2020-04-15,"1,926"
Laboratory 3,2020-04-16,"1,748"
Laboratory 3,2020-04-17,"1,692"
Laboratory 3,2020-04-18,"1,483"
Laboratory 3,2020-04-19,"1,423"
Laboratory 3,2020-04-20,"1,503"
Laboratory 3,2020-04-21,"1,743"
Laboratory 3,2020-04-22,"1,307"
Laboratory 3,2020-04-23,"1,395"
Laboratory 3,2020-04-24,"1,548"
Laboratory 3,2020-04-25,"1,265"
Laboratory 3,2020-04-26,"1,338"
Laboratory 3,2020-04-27,"1,292"
Laboratory 3,2020-04-28,"1,470"
Laboratory 3,2020-04-29,"1,524"
Laboratory 3,2020-04-30,"1,398"
Laboratory 3,2020-05-01,"1,434"
Laboratory 3,2020-05-02,"1,184"
Laboratory 3,2020-05-03,"1,171"
Laboratory 3,2020-05-04,"1,551"
Laboratory 3,2020-05-05,"1,442"
Laboratory 3,2020-05-06,"1,347"
Laboratory 3,2020-05-07,"1,310"
Laboratory 3,2020-05-08,"1,211"
Laboratory 3,2020-05-09,"1,014"
Laboratory 3,2020-05-10,"1,053"
Laboratory 3,2020-05-11,"1,431"
Laboratory 3,2020-05-12,"1,536"
Laboratory 3,2020-05-13,"1,520"
Laboratory 3,2020-05-14,"1,185"
Laboratory 3,2020-05-15,"1,393"
Laboratory 3,2020-05-16,"1,189"
Laboratory 3,2020-05-17,896
Laboratory 3,2020-05-18,"1,141"
Laboratory 3,2020-05-19,"1,278"
Laboratory 3,2020-05-20,"1,590"
Laboratory 3,2020-05-21,"1,197"
Laboratory 3,2020-05-22,"1,135"
Laboratory 3,2020-05-23,866
Laboratory 3,2020-05-24,851
Laboratory 3,2020-05-25,867
Laboratory 3,2020-05-26,"1,239"
Laboratory 3,2020-05-27,"1,051"
Laboratory 3,2020-05-28,"1,247"
Laboratory 3,2020-05-29,"1,120"
Laboratory 3,2020-05-30,"1,041"
Laboratory 3,2020-05-31,"1,165"
Laboratory 3,2020-06-01,"1,486"
Laboratory 3,2020-06-02,"1,476"
Laboratory 3,2020-06-03,"1,375"
Laboratory 3,2020-06-04,"1,450"
Laboratory 3,2020-06-05,"1,207"
Laboratory 3,2020-06-06,901
Laboratory 3,2020-06-07,912
Laboratory 3,2020-06-08,987
Laboratory 3,2020-06-09,"1,321"
Laboratory 3,2020-06-10,"1,190"
Laboratory 3,2020-06-11,"1,243"
Laboratory 3,2020-06-12,"1,277"
Laboratory 3,2020-06-13,"1,309"
Laboratory 3,2020-06-14,"1,163"
Laboratory 3,2020-06-15,"1,189"
Laboratory 3,2020-06-16,"1,427"
Laboratory 3,2020-06-17,"1,387"
Laboratory 3,2020-06-18,"1,331"
Laboratory 3,2020-06-19,"1,323"
Laboratory 3,2020-06-20,"1,090"
Laboratory 3,2020-06-21,925
Laboratory 3,2020-06-22,"1,469"
Laboratory 3,2020-06-23,"1,386"
Laboratory 3,2020-06-24,"1,297"
Laboratory 3,2020-06-25,"1,579"
Laboratory 3,2020-06-26,"1,270"
Laboratory 3,2020-06-27,"1,390"
Laboratory 3,2020-06-28,"1,222"
Laboratory 3,2020-06-29,"1,317"
Laboratory 3,2020-06-30,"1,225"
Laboratory 3,2020-07-01,"1,378"
Laboratory 3,2020-07-02,"1,233"
Laboratory 3,2020-07-03,"1,020"
Laboratory 3,2020-07-04,"1,017"
Laboratory 3,2020-07-05,811
Laboratory 3,2020-07-06,"1,317"
Laboratory 3,2020-07-07,"1,453"
Laboratory 3,2020-07-08,"1,249"
Laboratory 3,2020-07-09,"1,274"
Laboratory 3,2020-07-10,"1,279"
Laboratory 3,2020-07-11,"1,314"
Laboratory 3,2020-07-12,"1,294"
Laboratory 3,2020-07-13,"1,579"
Laboratory 3,2020-07-14,"1,403"
Laboratory 3,2020-07-15,"1,280"
Laboratory 3,2020-07-16,"1,691"
Laboratory 3,2020-07-17,"1,428"
Laboratory 3,2020-07-18,"1,224"
Laboratory 3,2020-07-19,933
Laboratory 3,2020-07-20,"1,284"
Laboratory 3,2020-07-21,"1,270"
Laboratory 3,2020-07-22,"1,314"
Laboratory 3,2020-07-23,"1,369"
Laboratory 3,2020-07-24,"1,340"
Laboratory 3,2020-07-25,"1,073"
Laboratory 3,2020-07-26,"1,082"
Laboratory 3,2020-07-27,"1,601"
Laboratory 3,2020-07-28,"1,337"
Laboratory 3,2020-07-29,"1,338"
Laboratory 3,2020-07-30,"1,524"
Laboratory 3,2020-07-31,"1,470"
Laboratory 3,2020-08-01,"1,189"
Laboratory 3,2020-08-02,"1,149"
Laboratory 3,2020-08-03,"1,463"
Laboratory 3,2020-08-04,"1,520"
Laboratory 3,2020-08-05,"1,463"
Laboratory 3,2020-08-06,"1,554"
Laboratory 3,2020-08-07,"1,569"
Laboratory 3,2020-08-08,"1,354"
Laboratory 3,2020-08-09,"1,269"
Laboratory 3,2020-08-10,"1,647"
Laboratory 3,2020-08-11,"1,726"
Laboratory 3,2020-08-12,"1,396"
Laboratory 3,2020-08-13,"1,505"
Laboratory 3,2020-08-14,"1,283"
Laboratory 3,2020-08-15,"1,224"
Laboratory 3,2020-08-16,956
Laboratory 3,2020-08-17,"1,443"
Laboratory 3,2020-08-18,"1,442"
Laboratory 3,2020-08-19,"1,443"
Laboratory 3,2020-08-20,"1,340"
Laboratory 3,2020-08-21,"1,474"
Laboratory 3,2020-08-22,"1,400"
Laboratory 3,2020-08-23,983
Laboratory 3,2020-08-24,"1,374"
Laboratory 3,2020-08-25,"1,421"
Laboratory 3,2020-08-26,"1,349"
Laboratory 3,2020-08-27,"1,361"
Laboratory 3,2020-08-28,"1,236"
Laboratory 3,2020-08-29,949
Laboratory 3,2020-08-30,984
Laboratory 3,2020-08-31,"1,089"
Laboratory 3,2020-09-01,"1,151"
Laboratory 3,2020-09-02,"1,442"
Laboratory 3,2020-09-03,"1,377"
Laboratory 3,2020-09-04,"1,571"
Laboratory 3,2020-09-05,"1,167"
Laboratory 3,2020-09-06,"1,190"
Laboratory 3,2020-09-07,"1,113"
Laboratory 3,2020-09-08,"1,542"
Laboratory 3,2020-09-09,"1,452"
Laboratory 3,2020-09-10,"1,476"
Laboratory 3,2020-09-11,"1,477"
Laboratory 3,2020-09-12,"1,311"
Laboratory 3,2020-09-13,"1,176"
Laboratory 3,2020-09-14,"1,542"
Laboratory 3,2020-09-15,"1,559"
Laboratory 3,2020-09-16,"1,594"
Laboratory 3,2020-09-17,"1,640"
Laboratory 3,2020-09-18,"1,757"
Laboratory 3,2020-09-19,"1,516"
Laboratory 3,2020-09-20,"1,365"
Laboratory 3,2020-09-21,"1,440"
Laboratory 3,2020-09-22,"1,485"
Laboratory 3,2020-09-23,"1,800"
Laboratory 3,2020-09-24,"1,637"
Laboratory 3,2020-09-25,"1,441"
Laboratory 3,2020-09-26,"1,292"
Laboratory 3,2020-09-27,"1,116"
Laboratory 3,2020-09-28,"1,356"
Laboratory 3,2020-09-29,"1,636"
Laboratory 3,2020-09-30,"1,460"
Laboratory 4,2020-01-01,"5,851"
Laboratory 4,2020-01-02,"9,535"
Laboratory 4,2020-01-03,"11,107"
Laboratory 4,2020-01-04,"8,608"
Laboratory 4,2020-01-05,"5,816"
Laboratory 4,2020-01-06,"10,070"
Laboratory 4,2020-01-07,"11,863"
Laboratory 4,2020-01-08,"11,278"
Laboratory 4,2020-01-09,"10,638"
Laboratory 4,2020-01-10,"10,501"
Laboratory 4,2020-01-11,"7,852"
Laboratory 4,2020-01-12,"5,906"
Laboratory 4,2020-01-13,"10,147"
Laboratory 4,2020-01-14,"11,149"
Laboratory 4,2020-01-15,"11,309"
Laboratory 4,2020-01-16,"10,846"
Laboratory 4,2020-01-17,"9,724"
Laboratory 4,2020-01-18,"7,445"
Laboratory 4,2020-01-19,"6,070"
Laboratory 4,2020-01-20,"7,417"
Laboratory 4,2020-01-21,"10,277"
Laboratory 4,2020-01-22,"10,644"
Laboratory 4,2020-01-23,"10,868"
Laboratory 4,2020-01-24,"9,972"
Laboratory 4,2020-01-25,"6,939"
Laboratory 4,2020-01-26,"5,659"
Laboratory 4,2020-01-27,"10,623"
Laboratory 4,2020-01-28,"11,368"
Laboratory 4,2020-01-29,"10,908"
Laboratory 4,2020-01-30,"10,819"
Laboratory 4,2020-01-31,"10,727"
Laboratory 4,2020-02-01,"8,487"
Laboratory 4,2020-02-02,"5,389"
Laboratory 4,2020-02-03,"9,546"
Laboratory 4,2020-02-04,"10,179"
Laboratory 4,2020-02-05,"11,069"
Laboratory 4,2020-02-06,"10,130"
Laboratory 4,2020-02-07,"10,418"
Laboratory 4,2020-02-08,"6,738"
Laboratory 4,2020-02-09,"5,542"
Laboratory 4,2020-02-10,"9,764"
Laboratory 4,2020-02-11,"10,140"
Laboratory 4,2020-02-12,"10,405"
Laboratory 4,2020-02-13,"9,824"
Laboratory 4,2020-02-14,"9,390"
Laboratory 4,2020-02-15,"6,695"
Laboratory 4,2020-02-16,"5,050"
Laboratory 4,2020-02-17,"6,354"
Laboratory 4,2020-02-18,"9,730"
Laboratory 4,2020-02-19,"10,027"
Laboratory 4,2020-02-20,"9,093"
Laboratory 4,2020-02-21,"9,200"
Laboratory 4,2020-02-22,"6,621"
Laboratory 4,2020-02-23,"5,711"
Laboratory 4,2020-02-24,"9,860"
Laboratory 4,2020-02-25,"10,104"
Laboratory 4,2020-02-26,"10,676"
Laboratory 4,2020-02-27,"10,023"
Laboratory 4,2020-02-28,"9,987"
Laboratory 4,2020-02-29,"7,769"
Laboratory 4,2020-03-01,"5,229"
Laboratory 4,2020-03-02,"10,002"
Laboratory 4,2020-03-03,"10,331"
Laboratory 4,2020-03-04,"10,121"
Laboratory 4,2020-03-05,"9,533"
Laboratory 4,2020-03-06,"9,106"
Laboratory 4,2020-03-07,"6,061"
Laboratory 4,2020-03-08,"4,960"
Laboratory 4,2020-03-09,"9,811"
Laboratory 4,2020-03-10,"9,819"
Laboratory 4,2020-03-11,"10,135"
Laboratory 4,2020-03-12,"8,964"
Laboratory 4,2020-03-13,"8,783"
Laboratory 4,2020-03-14,"6,609"
Laboratory 4,2020-03-15,"5,239"
Laboratory 4,2020-03-16,"7,528"
Laboratory 4,2020-03-17,"6,771"
Laboratory 4,2020-03-18,"7,086"
Laboratory 4,2020-03-19,"6,480"
Laboratory 4,2020-03-20,"7,107"
Laboratory 4,2020-03-21,"6,208"
Laboratory 4,2020-03-22,"5,624"
Laboratory 4,2020-03-23,"6,937"
Laboratory 4,2020-03-24,"7,467"
Laboratory 4,2020-03-25,"7,357"
Laboratory 4,2020-03-26,"7,292"
Laboratory 4,2020-03-27,"7,782"
Laboratory 4,2020-03-28,"7,340"
Laboratory 4,2020-03-29,"5,992"
Laboratory 4,2020-03-30,"7,426"
Laboratory 4,2020-03-31,"8,071"
Laboratory 4,2020-04-01,"8,187"
Laboratory 4,2020-04-02,"7,910"
Laboratory 4,2020-04-03,"8,578"
Laboratory 4,2020-04-04,"7,612"
Laboratory 4,2020-04-05,"7,987"
Laboratory 4,2020-04-06,"8,893"
Laboratory 4,2020-04-07,"9,606"
Laboratory 4,2020-04-08,"9,723"
Laboratory 4,2020-04-09,"9,621"
Laboratory 4,2020-04-10,"9,777"
Laboratory 4,2020-04-11,"8,622"
Laboratory 4,2020-04-12,"7,772"
Laboratory 4,2020-04-13,"9,175"
Laboratory 4,2020-04-14,"9,407"
Laboratory 4,2020-04-15,"9,244"
Laboratory 4,2020-04-16,"8,687"
Laboratory 4,2020-04-17,"8,467"
Laboratory 4,2020-04-18,"7,279"
Laboratory 4,2020-04-19,"6,431"
Laboratory 4,2020-04-20,"8,620"
Laboratory 4,2020-04-21,"8,166"
Laboratory 4,2020-04-22,"7,778"
Laboratory 4,2020-04-23,"7,980"
Laboratory 4,2020-04-24,"7,861"
Laboratory 4,2020-04-25,"7,282"
Laboratory 4,2020-04-26,"6,649"
Laboratory 4,2020-04-27,"8,180"
Laboratory 4,2020-04-28,"7,742"
Laboratory 4,2020-04-29,"7,568"
Laboratory 4,2020-04-30,"7,265"
Laboratory 4,2020-05-01,"8,619"
Laboratory 4,2020-05-02,"6,894"
Laboratory 4,2020-05-03,"5,538"
Laboratory 4,2020-05-04,"7,853"
Laboratory 4,2020-05-05,"7,220"
Laboratory 4,2020-05-06,"7,256"
Laboratory 4,2020-05-07,"6,778"
Laboratory 4,2020-05-08,"6,383"
Laboratory 4,2020-05-09,"5,304"
Laboratory 4,2020-05-10,"4,591"
Laboratory 4,2020-05-11,"6,829"
Laboratory 4,2020-05-12,"6,068"
Laboratory 4,2020-05-13,"6,461"
Laboratory 4,2020-05-14,"6,624"
Laboratory 4,2020-05-15,"7,092"
Laboratory 4,2020-05-16,"5,676"
Laboratory 4,2020-05-17,"4,391"
Laboratory 4,2020-05-18,"6,749"
Laboratory 4,2020-05-19,"6,142"
Laboratory 4,2020-05-20,"6,431"
Laboratory 4,2020-05-21,"6,396"
Laboratory 4,2020-05-22,"6,699"
Laboratory 4,2020-05-23,"5,246"
Laboratory 4,2020-05-24,"4,365"
Laboratory 4,2020-05-25,"4,872"
Laboratory 4,2020-05-26,"6,901"
Laboratory 4,2020-05-27,"6,784"
Laboratory 4,2020-05-28,"6,785"
Laboratory 4,2020-05-29,"7,432"
Laboratory 4,2020-05-30,"6,304"
Laboratory 4,2020-05-31,"4,171"
Laboratory 4,2020-06-01,"6,968"
Laboratory 4,2020-06-02,"6,742"
Laboratory 4,2020-06-03,"6,675"
Laboratory 4,2020-06-04,"6,650"
Laboratory 4,2020-06-05,"6,647"
Laboratory 4,2020-06-06,"4,880"
Laboratory 4,2020-06-07,"4,414"
Laboratory 4,2020-06-08,"7,224"
Laboratory 4,2020-06-09,"7,411"
Laboratory 4,2020-06-10,"7,676"
Laboratory 4,2020-06-11,"6,660"
Laboratory 4,2020-06-12,"7,578"
Laboratory 4,2020-06-13,"5,423"
Laboratory 4,2020-06-14,"4,477"
Laboratory 4,2020-06-15,"7,343"
Laboratory 4,2020-06-16,"7,595"
Laboratory 4,2020-06-17,"7,938"
Laboratory 4,2020-06-18,"7,641"
Laboratory 4,2020-06-19,"7,459"
Laboratory 4,2020-06-20,"5,117"
Laboratory 4,2020-06-21,"5,055"
Laboratory 4,2020-06-22,"8,337"
Laboratory 4,2020-06-23,"8,217"
Laboratory 4,2020-06-24,"7,881"
Laboratory 4,2020-06-25,"7,732"
Laboratory 4,2020-06-26,"8,898"
Laboratory 4,2020-06-27,"6,510"
Laboratory 4,2020-06-28,"4,963"
Laboratory 4,2020-06-29,"7,570"
Laboratory 4,2020-06-30,"8,080"
Laboratory 4,2020-07-01,"8,379"
Laboratory 4,2020-07-02,"7,885"
Laboratory 4,2020-07-03,"5,234"
Laboratory 4,2020-07-04,"4,946"
Laboratory 4,2020-07-05,"4,650"
Laboratory 4,2020-07-06,"8,853"
Laboratory 4,2020-07-07,"8,880"
Laboratory 4,2020-07-08,"8,967"
Laboratory 4,2020-07-09,"8,220"
Laboratory 4,2020-07-10,"8,381"
Laboratory 4,2020-07-11,"5,547"
Laboratory 4,2020-07-12,"5,051"
Laboratory 4,2020-07-13,"8,770"
Laboratory 4,2020-07-14,"9,315"
Laboratory 4,2020-07-15,"9,479"
Laboratory 4,2020-07-16,"9,371"
Laboratory 4,2020-07-17,"9,823"
Laboratory 4,2020-07-18,"6,500"
Laboratory 4,2020-07-19,"5,518"
Laboratory 4,2020-07-20,"9,561"
Laboratory 4,2020-07-21,"9,313"
Laboratory 4,2020-07-22,"9,077"
Laboratory 4,2020-07-23,"8,758"
Laboratory 4,2020-07-24,"8,696"
Laboratory 4,2020-07-25,"6,319"
Laboratory 4,2020-07-26,"4,913"
Laboratory 4,2020-07-27,"8,773"
Laboratory 4,2020-07-28,"9,600"
Laboratory 4,2020-07-29,"9,103"
Laboratory 4,2020-07-30,"8,331"
Laboratory 4,2020-07-31,"9,451"
Laboratory 4,2020-08-01,"7,284"
Laboratory 4,2020-08-02,"5,063"
Laboratory 4,2020-08-03,"9,097"
Laboratory 4,2020-08-04,"9,172"
Laboratory 4,2020-08-05,"9,076"
Laboratory 4,2020-08-06,"9,215"
Laboratory 4,2020-08-07,"8,583"
Laboratory 4,2020-08-08,"5,489"
Laboratory 4,2020-08-09,"4,938"
Laboratory 4,2020-08-10,"8,600"
Laboratory 4,2020-08-11,"9,244"
Laboratory 4,2020-08-12,"9,136"
Laboratory 4,2020-08-13,"8,969"
Laboratory 4,2020-08-14,"9,378"
Laboratory 4,2020-08-15,"6,306"
Laboratory 4,2020-08-16,"4,748"
Laboratory 4,2020-08-17,"8,791"
Laboratory 4,2020-08-18,"9,344"
Laboratory 4,2020-08-19,"8,772"
Laboratory 4,2020-08-20,"8,819"
Laboratory 4,2020-08-21,"9,128"
Laboratory 4,2020-08-22,"5,928"
Laboratory 4,2020-08-23,"5,210"
Laboratory 4,2020-08-24,"8,775"
Laboratory 4,2020-08-25,"8,628"
Laboratory 4,2020-08-26,"9,125"
Laboratory 4,2020-08-27,"8,648"
Laboratory 4,2020-08-28,"10,016"
Laboratory 4,2020-08-29,"6,963"
Laboratory 4,2020-08-30,"4,858"
Laboratory 4,2020-08-31,"8,934"
Laboratory 4,2020-09-01,"9,234"
Laboratory 4,2020-09-02,"9,508"
Laboratory 4,2020-09-03,"8,987"
Laboratory 4,2020-09-04,"9,040"
Laboratory 4,2020-09-05,"6,429"
Laboratory 4,2020-09-06,"5,233"
Laboratory 4,2020-09-07,"5,102"
Laboratory 4,2020-09-08,"8,921"
Laboratory 4,2020-09-09,"9,329"
Laboratory 4,2020-09-10,"9,372"
Laboratory 4,2020-09-11,"8,853"
Laboratory 4,2020-09-12,"5,983"
Laboratory 4,2020-09-13,"4,761"
Laboratory 4,2020-09-14,"8,601"
Laboratory 4,2020-09-15,"9,211"
Laboratory 4,2020-09-16,"9,138"
Laboratory 4,2020-09-17,"8,808"
Laboratory 4,2020-09-18,"8,610"
Laboratory 4,2020-09-19,"5,661"
Laboratory 4,2020-09-20,"5,059"
Laboratory 4,2020-09-21,"9,143"
Laboratory 4,2020-09-22,"9,462"
Laboratory 4,2020-09-23,"9,754"
Laboratory 4,2020-09-24,"9,893"
Laboratory 4,2020-09-25,"9,771"
Laboratory 4,2020-09-26,"6,782"
Laboratory 4,2020-09-27,"5,154"
Laboratory 4,2020-09-28,"9,428"
Laboratory 4,2020-09-29,"10,223"
Laboratory 4,2020-09-30,"10,441"
Laboratory 5,2020-01-01,"8,588"
Laboratory 5,2020-01-02,"24,705"
Laboratory 5,2020-01-03,"23,834"
Laboratory 5,2020-01-04,"8,933"
Laboratory 5,2020-01-05,"9,048"
Laboratory 5,2020-01-06,"29,667"
Laboratory 5,2020-01-07,"29,780"
Laboratory 5,2020-01-08,"29,899"
Laboratory 5,2020-01-09,"28,521"
Laboratory 5,2020-01-10,"25,835"
Laboratory 5,2020-01-11,"10,184"
Laboratory 5,2020-01-12,"9,416"
Laboratory 5,2020-01-13,"28,448"
Laboratory 5,2020-01-14,"28,940"
Laboratory 5,2020-01-15,"27,949"
Laboratory 5,2020-01-16,"29,130"
Laboratory 5,2020-01-17,"24,679"
Laboratory 5,2020-01-18,"9,479"
Laboratory 5,2020-01-19,"7,991"
Laboratory 5,2020-01-20,"9,610"
Laboratory 5,2020-01-21,"29,967"
Laboratory 5,2020-01-22,"28,832"
Laboratory 5,2020-01-23,"27,412"
Laboratory 5,2020-01-24,"25,620"
Laboratory 5,2020-01-25,"10,197"
Laboratory 5,2020-01-26,"9,921"
Laboratory 5,2020-01-27,"28,134"
Laboratory 5,2020-01-28,"28,466"
Laboratory 5,2020-01-29,"28,376"
Laboratory 5,2020-01-30,"27,652"
Laboratory 5,2020-01-31,"25,041"
Laboratory 5,2020-02-01,"10,703"
Laboratory 5,2020-02-02,"9,620"
Laboratory 5,2020-02-03,"30,242"
Laboratory 5,2020-02-04,"30,402"
Laboratory 5,2020-02-05,"28,657"
Laboratory 5,2020-02-06,"27,510"
Laboratory 5,2020-02-07,"25,266"
Laboratory 5,2020-02-08,"10,280"
Laboratory 5,2020-02-09,"9,179"
Laboratory 5,2020-02-10,"28,820"
Laboratory 5,2020-02-11,"28,793"
Laboratory 5,2020-02-12,"28,404"
Laboratory 5,2020-02-13,"27,280"
Laboratory 5,2020-02-14,"24,862"
Laboratory 5,2020-02-15,"9,729"
Laboratory 5,2020-02-16,"8,563"
Laboratory 5,2020-02-17,"9,023"
Laboratory 5,2020-02-18,"26,196"
Laboratory 5,2020-02-19,"26,569"
Laboratory 5,2020-02-20,"25,401"
Laboratory 5,2020-02-21,"23,293"
Laboratory 5,2020-02-22,"9,662"
Laboratory 5,2020-02-23,"9,104"
Laboratory 5,2020-02-24,"26,312"
Laboratory 5,2020-02-25,"28,635"
Laboratory 5,2020-02-26,"28,548"
Laboratory 5,2020-02-27,"26,708"
Laboratory 5,2020-02-28,"23,681"
Laboratory 5,2020-02-29,"9,352"
Laboratory 5,2020-03-01,"9,138"
Laboratory 5,2020-03-02,"27,329"
Laboratory 5,2020-03-03,"28,692"
Laboratory 5,2020-03-04,"25,863"
Laboratory 5,2020-03-05,"25,535"
Laboratory 5,2020-03-06,"23,051"
Laboratory 5,2020-03-07,"8,919"
Laboratory 5,2020-03-08,"8,192"
Laboratory 5,2020-03-09,"26,748"
Laboratory 5,2020-03-10,"26,654"
Laboratory 5,2020-03-11,"25,116"
Laboratory 5,2020-03-12,"24,728"
Laboratory 5,2020-03-13,"19,884"
Laboratory 5,2020-03-14,"8,732"
Laboratory 5,2020-03-15,"8,207"
Laboratory 5,2020-03-16,"15,684"
Laboratory 5,2020-03-17,"14,358"
Laboratory 5,2020-03-18,"13,611"
Laboratory 5,2020-03-19,"13,433"
Laboratory 5,2020-03-20,"11,433"
Laboratory 5,2020-03-21,"8,172"
Laboratory 5,2020-03-22,"6,315"
Laboratory 5,2020-03-23,"12,460"
Laboratory 5,2020-03-24,"11,851"
Laboratory 5,2020-03-25,"11,370"
Laboratory 5,2020-03-26,"11,908"
Laboratory 5,2020-03-27,"10,482"
Laboratory 5,2020-03-28,"7,911"
Laboratory 5,2020-03-29,"8,475"
Laboratory 5,2020-03-30,"12,484"
Laboratory 5,2020-03-31,"13,365"
Laboratory 5,2020-04-01,"13,809"
Laboratory 5,2020-04-02,"14,832"
Laboratory 5,2020-04-03,"14,308"
Laboratory 5,2020-04-04,"11,980"
Laboratory 5,2020-04-05,"11,777"
Laboratory 5,2020-04-06,"15,757"
Laboratory 5,2020-04-07,"15,723"
Laboratory 5,2020-04-08,"15,653"
Laboratory 5,2020-04-09,"16,915"
Laboratory 5,2020-04-10,"15,514"
Laboratory 5,2020-04-11,"13,080"
Laboratory 5,2020-04-12,"13,478"
Laboratory 5,2020-04-13,"16,707"
Laboratory 5,2020-04-14,"16,717"
Laboratory 5,2020-04-15,"16,043"
Laboratory 5,2020-04-16,"17,502"
Laboratory 5,2020-04-17,"16,200"
Laboratory 5,2020-04-18,"13,160"
Laboratory 5,2020-04-19,"12,669"
Laboratory 5,2020-04-20,"16,569"
Laboratory 5,2020-04-21,"16,241"
Laboratory 5,2020-04-22,"16,125"
Laboratory 5,2020-04-23,"15,944"
Laboratory 5,2020-04-24,"14,737"
Laboratory 5,2020-04-25,"11,937"
Laboratory 5,2020-04-26,"11,801"
Laboratory 5,2020-04-27,"16,643"
Laboratory 5,2020-04-28,"15,981"
Laboratory 5,2020-04-29,"16,428"
Laboratory 5,2020-04-30,"16,822"
Laboratory 5,2020-05-01,"15,707"
Laboratory 5,2020-05-02,"10,751"
Laboratory 5,2020-05-03,"10,335"
Laboratory 5,2020-05-04,"16,993"
Laboratory 5,2020-05-05,"16,497"
Laboratory 5,2020-05-06,"15,440"
Laboratory 5,2020-05-07,"16,433"
Laboratory 5,2020-05-08,"14,835"
Laboratory 5,2020-05-09,"9,538"
Laboratory 5,2020-05-10,"9,289"
Laboratory 5,2020-05-11,"16,350"
Laboratory 5,2020-05-12,"15,827"
Laboratory 5,2020-05-13,"16,128"
Laboratory 5,2020-05-14,"16,884"
Laboratory 5,2020-05-15,"16,079"
Laboratory 5,2020-05-16,"9,515"
Laboratory 5,2020-05-17,"8,850"
Laboratory 5,2020-05-18,"18,295"
Laboratory 5,2020-05-19,"17,947"
Laboratory 5,2020-05-20,"18,094"
Laboratory 5,2020-05-21,"18,141"
Laboratory 5,2020-05-22,"15,898"
Laboratory 5,2020-05-23,"8,185"
Laboratory 5,2020-05-24,"8,015"
Laboratory 5,2020-05-25,"7,811"
Laboratory 5,2020-05-26,"18,574"
Laboratory 5,2020-05-27,"18,492"
Laboratory 5,2020-05-28,"18,573"
Laboratory 5,2020-05-29,"17,555"
Laboratory 5,2020-05-30,"9,481"
Laboratory 5,2020-05-31,"8,679"
Laboratory 5,2020-06-01,"20,537"
Laboratory 5,2020-06-02,"20,686"
Laboratory 5,2020-06-03,"18,957"
Laboratory 5,2020-06-04,"20,781"
Laboratory 5,2020-06-05,"18,445"
Laboratory 5,2020-06-06,"9,247"
Laboratory 5,2020-06-07,"7,949"
Laboratory 5,2020-06-08,"21,724"
Laboratory 5,2020-06-09,"21,672"
Laboratory 5,2020-06-10,"22,178"
Laboratory 5,2020-06-11,"21,734"
Laboratory 5,2020-06-12,"19,783"
Laboratory 5,2020-06-13,"9,225"
Laboratory 5,2020-06-14,"8,808"
Laboratory 5,2020-06-15,"23,412"
Laboratory 5,2020-06-16,"22,763"
Laboratory 5,2020-06-17,"22,964"
Laboratory 5,2020-06-18,"22,049"
Laboratory 5,2020-06-19,"19,066"
Laboratory 5,2020-06-20,"9,074"
Laboratory 5,2020-06-21,"8,577"
Laboratory 5,2020-06-22,"22,899"
Laboratory 5,2020-06-23,"24,108"
Laboratory 5,2020-06-24,"23,194"
Laboratory 5,2020-06-25,"22,105"
Laboratory 5,2020-06-26,"19,283"
Laboratory 5,2020-06-27,"9,339"
Laboratory 5,2020-06-28,"8,647"
Laboratory 5,2020-06-29,"23,452"
Laboratory 5,2020-06-30,"23,884"
Laboratory 5,2020-07-01,"23,643"
Laboratory 5,2020-07-02,"22,647"
Laboratory 5,2020-07-03,"9,217"
Laboratory 5,2020-07-04,"7,804"
Laboratory 5,2020-07-05,"8,076"
Laboratory 5,2020-07-06,"23,620"
Laboratory 5,2020-07-07,"25,874"
Laboratory 5,2020-07-08,"24,517"
Laboratory 5,2020-07-09,"25,181"
Laboratory 5,2020-07-10,"21,357"
Laboratory 5,2020-07-11,"9,730"
Laboratory 5,2020-07-12,"9,915"
Laboratory 5,2020-07-13,"26,756"
Laboratory 5,2020-07-14,"26,583"
Laboratory 5,2020-07-15,"25,970"
Laboratory 5,2020-07-16,"25,924"
Laboratory 5,2020-07-17,"22,372"
Laboratory 5,2020-07-18,"10,062"
Laboratory 5,2020-07-19,"10,097"
Laboratory 5,2020-07-20,"25,328"
Laboratory 5,2020-07-21,"26,444"
Laboratory 5,2020-07-22,"25,429"
Laboratory 5,2020-07-23,"25,316"
Laboratory 5,2020-07-24,"20,981"
Laboratory 5,2020-07-25,"10,544"
Laboratory 5,2020-07-26,"9,562"
Laboratory 5,2020-07-27,"25,877"
Laboratory 5,2020-07-28,"26,710"
Laboratory 5,2020-07-29,"25,479"
Laboratory 5,2020-07-30,"26,012"
Laboratory 5,2020-07-31,"21,444"
Laboratory 5,2020-08-01,"10,614"
Laboratory 5,2020-08-02,"9,813"
Laboratory 5,2020-08-03,"26,277"
Laboratory 5,2020-08-04,"23,917"
Laboratory 5,2020-08-05,"25,454"
Laboratory 5,2020-08-06,"26,455"
Laboratory 5,2020-08-07,"21,784"
Laboratory 5,2020-08-08,"9,830"
Laboratory 5,2020-08-09,"8,680"
Laboratory 5,2020-08-10,"25,741"
Laboratory 5,2020-08-11,"27,935"
Laboratory 5,2020-08-12,"24,862"
Laboratory 5,2020-08-13,"26,080"
Laboratory 5,2020-08-14,"23,647"
Laboratory 5,2020-08-15,"10,769"
Laboratory 5,2020-08-16,"9,265"
Laboratory 5,2020-08-17,"25,787"
Laboratory 5,2020-08-18,"25,985"
Laboratory 5,2020-08-19,"26,139"
Laboratory 5,2020-08-20,"25,980"
Laboratory 5,2020-08-21,"23,667"
Laboratory 5,2020-08-22,"11,101"
Laboratory 5,2020-08-23,"10,206"
Laboratory 5,2020-08-24,"27,277"
Laboratory 5,2020-08-25,"27,085"
Laboratory 5,2020-08-26,"26,412"
Laboratory 5,2020-08-27,"26,515"
Laboratory 5,2020-08-28,"23,665"
Laboratory 5,2020-08-29,"11,241"
Laboratory 5,2020-08-30,"9,844"
Laboratory 5,2020-08-31,"25,892"
Laboratory 5,2020-09-01,"26,049"
Laboratory 5,2020-09-02,"25,520"
Laboratory 5,2020-09-03,"26,720"
Laboratory 5,2020-09-04,"22,874"
Laboratory 5,2020-09-05,"10,243"
Laboratory 5,2020-09-06,"9,648"
Laboratory 5,2020-09-07,"10,058"
Laboratory 5,2020-09-08,"29,215"
Laboratory 5,2020-09-09,"29,029"
Laboratory 5,2020-09-10,"29,007"
Laboratory 5,2020-09-11,"25,574"
Laboratory 5,2020-09-12,"10,640"
Laboratory 5,2020-09-13,"9,151"
Laboratory 5,2020-09-14,"29,749"
Laboratory 5,2020-09-15,"29,336"
Laboratory 5,2020-09-16,"28,603"
Laboratory 5,2020-09-17,"28,746"
Laboratory 5,2020-09-18,"24,897"
Laboratory 5,2020-09-19,"10,801"
Laboratory 5,2020-09-20,"9,487"
Laboratory 5,2020-09-21,"28,739"
Laboratory 5,2020-09-22,"29,673"
Laboratory 5,2020-09-23,"29,375"
Laboratory 5,2020-09-24,"27,900"
Laboratory 5,2020-09-25,"25,663"
Laboratory 5,2020-09-26,"10,922"
Laboratory 5,2020-09-27,"8,849"
Laboratory 5,2020-09-28,"25,928"
Laboratory 5,2020-09-29,"29,545"
Laboratory 5,2020-09-30,"28,578"
Laboratory 6,2020-01-01,93
Laboratory 6,2020-01-02,304
Laboratory 6,2020-01-03,167
Laboratory 6,2020-01-04,283
Laboratory 6,2020-01-05,71
Laboratory 6,2020-01-06,403
Laboratory 6,2020-01-07,338
Laboratory 6,2020-01-08,265
Laboratory 6,2020-01-09,355
Laboratory 6,2020-01-10,219
Laboratory 6,2020-01-11,331
Laboratory 6,2020-01-12,13
Laboratory 6,2020-01-13,336
Laboratory 6,2020-01-14,301
Laboratory 6,2020-01-15,230
Laboratory 6,2020-01-16,275
Laboratory 6,2020-01-17,166
Laboratory 6,2020-01-18,16
Laboratory 6,2020-01-19,216
Laboratory 6,2020-01-20,50
Laboratory 6,2020-01-21,338
Laboratory 6,2020-01-22,356
Laboratory 6,2020-01-23,451
Laboratory 6,2020-01-24,137
Laboratory 6,2020-01-25,240
Laboratory 6,2020-01-26,38
Laboratory 6,2020-01-27,355
Laboratory 6,2020-01-28,305
Laboratory 6,2020-01-29,273
Laboratory 6,2020-01-30,333
Laboratory 6,2020-01-31,132
Laboratory 6,2020-02-01,233
Laboratory 6,2020-02-02,40
Laboratory 6,2020-02-03,307
Laboratory 6,2020-02-04,324
Laboratory 6,2020-02-05,311
Laboratory 6,2020-02-06,297
Laboratory 6,2020-02-07,127
Laboratory 6,2020-02-08,218
Laboratory 6,2020-02-09,55
Laboratory 6,2020-02-10,253
Laboratory 6,2020-02-11,386
Laboratory 6,2020-02-12,258
Laboratory 6,2020-02-13,276
Laboratory 6,2020-02-14,160
Laboratory 6,2020-02-15,21
Laboratory 6,2020-02-16,241
Laboratory 6,2020-02-17,35
Laboratory 6,2020-02-18,322
Laboratory 6,2020-02-19,412
Laboratory 6,2020-02-20,322
Laboratory 6,2020-02-21,158
Laboratory 6,2020-02-22,287
Laboratory 6,2020-02-23,21
Laboratory 6,2020-02-24,394
Laboratory 6,2020-02-25,214
Laboratory 6,2020-02-26,320
Laboratory 6,2020-02-27,352
Laboratory 6,2020-02-28,167
Laboratory 6,2020-02-29,305
Laboratory 6,2020-03-01,65
Laboratory 6,2020-03-02,475
Laboratory 6,2020-03-03,327
Laboratory 6,2020-03-04,287
Laboratory 6,2020-03-05,342
Laboratory 6,2020-03-06,204
Laboratory 6,2020-03-07,252
Laboratory 6,2020-03-08,35
Laboratory 6,2020-03-09,346
Laboratory 6,2020-03-10,451
Laboratory 6,2020-03-11,268
Laboratory 6,2020-03-12,224
Laboratory 6,2020-03-13,125
Laboratory 6,2020-03-14,217
Laboratory 6,2020-03-15,21
Laboratory 6,2020-03-16,297
Laboratory 6,2020-03-17,200
Laboratory 6,2020-03-18,136
Laboratory 6,2020-03-19,179
Laboratory 6,2020-03-20,104
Laboratory 6,2020-03-21,215
Laboratory 6,2020-03-22,40
Laboratory 6,2020-03-23,168
Laboratory 6,2020-03-24,238
Laboratory 6,2020-03-25,312
Laboratory 6,2020-03-26,147
Laboratory 6,2020-03-27,116
Laboratory 6,2020-03-28,236
Laboratory 6,2020-03-29,55
Laboratory 6,2020-03-30,206
Laboratory 6,2020-03-31,156
Laboratory 6,2020-04-01,146
Laboratory 6,2020-04-02,177
Laboratory 6,2020-04-03,99
Laboratory 6,2020-04-04,208
Laboratory 6,2020-04-05,26
Laboratory 6,2020-04-06,199
Laboratory 6,2020-04-07,174
Laboratory 6,2020-04-08,158
Laboratory 6,2020-04-09,184
Laboratory 6,2020-04-10,82
Laboratory 6,2020-04-11,257
Laboratory 6,2020-04-12,63
Laboratory 6,2020-04-13,215
Laboratory 6,2020-04-14,193
Laboratory 6,2020-04-15,225
Laboratory 6,2020-04-16,196
Laboratory 6,2020-04-17,96
Laboratory 6,2020-04-18,213
Laboratory 6,2020-04-19,50
Laboratory 6,2020-04-20,275
Laboratory 6,2020-04-21,226
Laboratory 6,2020-04-22,249
Laboratory 6,2020-04-23,205
Laboratory 6,2020-04-24,93
Laboratory 6,2020-04-25,285
Laboratory 6,2020-04-26,38
Laboratory 6,2020-04-27,279
Laboratory 6,2020-04-28,199
Laboratory 6,2020-04-29,171
Laboratory 6,2020-04-30,160
Laboratory 6,2020-05-01,121
Laboratory 6,2020-05-02,295
Laboratory 6,2020-05-03,27
Laboratory 6,2020-05-04,224
Laboratory 6,2020-05-05,213
Laboratory 6,2020-05-06,305
Laboratory 6,2020-05-07,305
Laboratory 6,2020-05-08,102
Laboratory 6,2020-05-09,187
Laboratory 6,2020-05-10,45
Laboratory 6,2020-05-11,278
Laboratory 6,2020-05-12,300
Laboratory 6,2020-05-13,270
Laboratory 6,2020-05-14,261
Laboratory 6,2020-05-15,106
Laboratory 6,2020-05-16,228
Laboratory 6,2020-05-17,53
Laboratory 6,2020-05-18,252
Laboratory 6,2020-05-19,277
Laboratory 6,2020-05-20,186
Laboratory 6,2020-05-21,185
Laboratory 6,2020-05-22,107
Laboratory 6,2020-05-23,28
Laboratory 6,2020-05-24,235
Laboratory 6,2020-05-25,61
Laboratory 6,2020-05-26,263
Laboratory 6,2020-05-27,113
Laboratory 6,2020-05-28,57
Laboratory 6,2020-05-29,25
Laboratory 6,2020-05-30,57
Laboratory 6,2020-05-31,9
Laboratory 6,2020-06-01,22
Laboratory 6,2020-06-02,1
Laboratory 6,2020-06-03,4
Laboratory 6,2020-06-04,4
Laboratory 6,2020-06-05,5
Laboratory 6,2020-06-06,5
Laboratory 6,2020-06-08,2
Laboratory 6,2020-06-10,1
Laboratory 6,2020-06-11,2
Laboratory 6,2020-06-13,1
Laboratory 6,2020-06-15,2
Laboratory 6,2020-06-16,1
Laboratory 6,2020-06-17,1
Laboratory 6,2020-06-20,2
Laboratory 6,2020-06-23,1
Laboratory 6,2020-06-24,2
Laboratory 6,2020-06-26,2
Laboratory 6,2020-06-27,4
Laboratory 6,2020-06-30,1
Laboratory 6,2020-07-01,3
Laboratory 6,2020-07-02,2
Laboratory 6,2020-07-04,5
Laboratory 6,2020-07-06,3
Laboratory 6,2020-07-07,2
Laboratory 6,2020-07-08,1
Laboratory 6,2020-07-09,5
Laboratory 6,2020-07-11,1
Laboratory 6,2020-07-12,2
Laboratory 6,2020-07-13,2
Laboratory 6,2020-07-14,3
Laboratory 6,2020-07-15,3
Laboratory 6,2020-07-16,4
Laboratory 6,2020-07-21,4
Laboratory 6,2020-07-23,2
Laboratory 6,2020-07-24,2
Laboratory 6,2020-07-26,2
Laboratory 6,2020-07-27,1
Laboratory 6,2020-07-28,1
Laboratory 6,2020-07-30,2
Laboratory 6,2020-07-31,1
Laboratory 6,2020-08-01,2
Laboratory 6,2020-08-02,1
Laboratory 6,2020-08-03,4
Laboratory 6,2020-08-04,1
Laboratory 6,2020-08-05,2
Laboratory 6,2020-08-06,1
Laboratory 6,2020-08-07,2
Laboratory 6,2020-08-08,1
Laboratory 6,2020-08-09,1
Laboratory 6,2020-08-11,1
Laboratory 6,2020-08-12,4
Laboratory 6,2020-08-13,4
Laboratory 6,2020-08-14,2
Laboratory 6,2020-08-15,4
Laboratory 6,2020-08-17,1
Laboratory 6,2020-08-18,2
Laboratory 6,2020-08-19,1
Laboratory 6,2020-08-22,1
Laboratory 6,2020-08-24,2
Laboratory 6,2020-08-25,5
Laboratory 6,2020-08-26,5
Laboratory 6,2020-08-27,3
Laboratory 6,2020-08-28,1
Laboratory 6,2020-08-29,2
Laboratory 6,2020-08-31,1
Laboratory 6,2020-09-01,4
Laboratory 6,2020-09-02,3
Laboratory 6,2020-09-04,1
Laboratory 6,2020-09-05,1
Laboratory 6,2020-09-08,1
Laboratory 6,2020-09-10,1
Laboratory 6,2020-09-12,2
Laboratory 6,2020-09-14,1
Laboratory 6,2020-09-16,2
Laboratory 6,2020-09-17,20
Laboratory 6,2020-09-18,1
Laboratory 6,2020-09-19,25
Laboratory 6,2020-09-20,6
Laboratory 6,2020-09-21,13
Laboratory 6,2020-09-22,11
Laboratory 6,2020-09-23,30
Laboratory 6,2020-09-24,20
Laboratory 6,2020-09-25,3
Laboratory 6,2020-09-26,17
Laboratory 6,2020-09-27,4
Laboratory 6,2020-09-28,10
Laboratory 6,2020-09-29,18
Laboratory 6,2020-09-30,27
